Approved Symbol,Approved Name,Chromosome,Family,,Source: https://www.genenames.org/cgi-bin/genefamilies/set/1518 
CASC3,"CASC3, exon junction complex subunit",17q21.1,Exon junction complex,,
EIF4A3,eukaryotic translation initiation factor 4A3,17q25.3,Exon junction complex,,
MAGOH,"mago homolog, exon junction complex subunit",1p32.3,Exon junction complex,,
MAGOHB,"mago homolog B, exon junction complex subunit",12p13.2,Exon junction complex,,
RBM8A,RNA binding motif protein 8A,1q21.1,Exon junction complex,,
LSM1,"LSM1 homolog, mRNA degradation associated",8p11.23,LSm proteins,,
LSM2,"LSM2 homolog, U6 small nuclear RNA and mRNA degradation associated",6p21.33,LSm proteins,,
LSM3,"LSM3 homolog, U6 small nuclear RNA and mRNA degradation associated",3p25.1,LSm proteins,,
LSM4,"LSM4 homolog, U6 small nuclear RNA and mRNA degradation associated",19p13.1,LSm proteins,,
LSM5,"LSM5 homolog, U6 small nuclear RNA and mRNA degradation associated",7p14.3,LSm proteins,,
LSM6,"LSM6 homolog, U6 small nuclear RNA and mRNA degradation associated",4q31.22,LSm proteins,,
LSM7,"LSM7 homolog, U6 small nuclear RNA and mRNA degradation associated",19p13.3,LSm proteins,,
LSM8,"LSM8 homolog, U6 small nuclear RNA associated",7q31.31,LSm proteins,,
LSM10,"LSM10, U7 small nuclear RNA associated",1p34.3,LSm proteins,,
LSM11,"LSM11, U7 small nuclear RNA associated",5q33.3,LSm proteins,,
LSM12,LSM12 homolog,17q21.31,LSm proteins,,
LSM14A,"LSM14A, mRNA processing body assembly factor",19q13.11,LSm proteins,,
LSM14B,LSM family member 14B,20q13.33,LSm proteins,,
NAA38,"N(alpha)-acetyltransferase 38, NatC auxiliary subunit",17p13.1,LSm proteins,,
BCAS2,"BCAS2, pre-mRNA processing factor",1p13.2,NineTeen complex,,
CDC5L,cell division cycle 5 like,6p21.1,NineTeen complex,,
CTNNBL1,catenin beta like 1,20q11.23,NineTeen complex,,
CWC15,CWC15 spliceosome associated protein homolog,11q21,NineTeen complex,,
PLRG1,pleiotropic regulator 1,4q31.3,NineTeen complex,,
PRPF19,pre-mRNA processing factor 19,11q12.2,NineTeen complex,,
PHF5A,PHD finger protein 5A,22q13.2,SF3b complex,,
SF3B1,splicing factor 3b subunit 1,2q33.1,SF3b complex,,
SF3B2,splicing factor 3b subunit 2,11q13.1,SF3b complex,,
SF3B3,splicing factor 3b subunit 3,16q22.1,SF3b complex,,
SF3B4,splicing factor 3b subunit 4,1q21.2,SF3b complex,,
SF3B5,splicing factor 3b subunit 5,6q24.2,SF3b complex,,
SF3B6,splicing factor 3b subunit 6,2p23.3,SF3b complex,,
SNRPB,small nuclear ribonucleoprotein polypeptides B and B1,20p13,Sm spliceosomal proteins,,
SNRPD1,small nuclear ribonucleoprotein D1 polypeptide,18q11.2,Sm spliceosomal proteins,,
SNRPD2,small nuclear ribonucleoprotein D2 polypeptide,19q13.2-q13.3,Sm spliceosomal proteins,,
SNRPD3,small nuclear ribonucleoprotein D3 polypeptide,22q11.23,Sm spliceosomal proteins,,
SNRPE,small nuclear ribonucleoprotein polypeptide E,1q32.1,Sm spliceosomal proteins,,
SNRPF,small nuclear ribonucleoprotein polypeptide F,12q23.1,Sm spliceosomal proteins,,
SNRPG,small nuclear ribonucleoprotein polypeptide G,2p13.3,Sm spliceosomal proteins,,
SNRPN,small nuclear ribonucleoprotein polypeptide N,15q11.2,Sm spliceosomal proteins,,
CCAR1,cell division cycle and apoptosis regulator 1,10q21.3,Spliceosomal A complex,,
CHERP,calcium homeostasis endoplasmic reticulum protein,19p13.11,Spliceosomal A complex,,
DDX46,DEAD-box helicase 46,5q31.1,Spliceosomal A complex,,
DHX15,DEAH-box helicase 15,4p15.2,Spliceosomal A complex,,
HNRNPAB,heterogeneous nuclear ribonucleoprotein A/B,5q35.3,Spliceosomal A complex,,
HNRNPA1,heterogeneous nuclear ribonucleoprotein A1,12q13.13,Spliceosomal A complex,,
PRPF40A,pre-mRNA processing factor 40 homolog A,2q23.3,Spliceosomal A complex,,
PUF60,poly(U) binding splicing factor 60,8q24.3,Spliceosomal A complex,,
RBM5,RNA binding motif protein 5,3p21.31,Spliceosomal A complex,,
RBM10,RNA binding motif protein 10,Xp11.3,Spliceosomal A complex,,
RBM17,RNA binding motif protein 17,10p15.1,Spliceosomal A complex,,
RBM25,RNA binding motif protein 25,14q24.2,Spliceosomal A complex,,
SF1,splicing factor 1,11q13.1,Spliceosomal A complex,,
SMNDC1,survival motor neuron domain containing 1,10q25.2,Spliceosomal A complex,,
SUGP1,SURP and G-patch domain containing 1,19p13,Spliceosomal A complex,,
THRAP3,thyroid hormone receptor associated protein 3,1p34.3,Spliceosomal A complex,,
U2AF1,U2 small nuclear RNA auxiliary factor 1,21q22.3,Spliceosomal A complex,,
U2AF2,U2 small nuclear RNA auxiliary factor 2,19q13.43,Spliceosomal A complex,,
U2SURP,U2 snRNP associated SURP domain containing,3q23,Spliceosomal A complex,,
AQR,aquarius intron-binding spliceosomal factor,15q14,Spliceosomal B complex,,
BUD31,BUD31 homolog,7q22.1,Spliceosomal B complex,,
CRNKL1,crooked neck pre-mRNA splicing factor 1,20p11.23,Spliceosomal B complex,,
DHX15,DEAH-box helicase 15,4p15.2,Spliceosomal B complex,,
IK,IK cytokine,5q31.3,Spliceosomal B complex,,
ISY1,ISY1 splicing factor homolog,3q21.3,Spliceosomal B complex,,
MFAP1,microfibril associated protein 1,15q15.3,Spliceosomal B complex,,
PPIE,peptidylprolyl isomerase E,1p34.2,Spliceosomal B complex,,
PPIL1,peptidylprolyl isomerase like 1,6p21.2,Spliceosomal B complex,,
PQBP1,polyglutamine binding protein 1,Xp11.23,Spliceosomal B complex,,
PRPF38A,pre-mRNA processing factor 38A,1p32.3,Spliceosomal B complex,,
RBM22,RNA binding motif protein 22,5q33.1,Spliceosomal B complex,,
SMU1,"SMU1, DNA replication regulator and spliceosomal factor",9p21.1,Spliceosomal B complex,,
SNW1,SNW domain containing 1,14q24.3,Spliceosomal B complex,,
TFIP11,tuftelin interacting protein 11,22q12.1,Spliceosomal B complex,,
WBP4,WW domain binding protein 4,13q14.11,Spliceosomal B complex,,
WBP11,WW domain binding protein 11,12p12.3,Spliceosomal B complex,,
XAB2,XPA binding protein 2,19p13.3,Spliceosomal B complex,,
ZMAT2,zinc finger matrin-type 2,5q31.3,Spliceosomal B complex,,
AQR,aquarius intron-binding spliceosomal factor,15q14,Spliceosomal Bact complex,,
BUD31,BUD31 homolog,7q22.1,Spliceosomal Bact complex,,
CCDC12,coiled-coil domain containing 12,3p21.31,Spliceosomal Bact complex,,
CDC40,cell division cycle 40,6q21,Spliceosomal Bact complex,,
CRNKL1,crooked neck pre-mRNA splicing factor 1,20p11.23,Spliceosomal Bact complex,,
CWC22,CWC22 spliceosome associated protein homolog,2q31.3,Spliceosomal Bact complex,,
CWC25,CWC25 spliceosome associated protein homolog,17q12,Spliceosomal Bact complex,,
CWC27,CWC27 spliceosome associated protein homolog,5q12.3,Spliceosomal Bact complex,,
DHX16,DEAH-box helicase 16,6p21.33,Spliceosomal Bact complex,,
EFTUD2,elongation factor Tu GTP binding domain containing 2,17q21.31,Spliceosomal Bact complex,,
EIF4A3,eukaryotic translation initiation factor 4A3,17q25.3,Spliceosomal Bact complex,,
GPATCH1,G-patch domain containing 1,19q13.11,Spliceosomal Bact complex,,
GPKOW,G-patch domain and KOW motifs,Xp11.23,Spliceosomal Bact complex,,
ISY1,ISY1 splicing factor homolog,3q21.3,Spliceosomal Bact complex,,
PPIE,peptidylprolyl isomerase E,1p34.2,Spliceosomal Bact complex,,
PPIL1,peptidylprolyl isomerase like 1,6p21.2,Spliceosomal Bact complex,,
PPIL2,peptidylprolyl isomerase like 2,22q11.21,Spliceosomal Bact complex,,
PRCC,papillary renal cell carcinoma (translocation-associated),1q23.1,Spliceosomal Bact complex,,
PRPF8,pre-mRNA processing factor 8,17p13.3,Spliceosomal Bact complex,,
RBM22,RNA binding motif protein 22,5q33.1,Spliceosomal Bact complex,,
RNF113A,ring finger protein 113A,Xq24,Spliceosomal Bact complex,,
RNU5A-1,"RNA, U5A small nuclear 1",15q22.31,Spliceosomal Bact complex,,
RNU6-1,"RNA, U6 small nuclear 1",15q23,Spliceosomal Bact complex,,
SAP18,Sin3A associated protein 18,13q12.11,Spliceosomal Bact complex,,
SNRNP40,small nuclear ribonucleoprotein U5 subunit 40,1p35.2,Spliceosomal Bact complex,,
SNRNP200,small nuclear ribonucleoprotein U5 subunit 200,2q11.2,Spliceosomal Bact complex,,
SNW1,SNW domain containing 1,14q24.3,Spliceosomal Bact complex,,
XAB2,XPA binding protein 2,19p13.3,Spliceosomal Bact complex,,
ZNF830,zinc finger protein 830,17q12,Spliceosomal Bact complex,,
AQR,aquarius intron-binding spliceosomal factor,15q14,Spliceosomal C complex,,
BCAS2,"BCAS2, pre-mRNA processing factor",1p13.2,Spliceosomal C complex,,
BUD31,BUD31 homolog,7q22.1,Spliceosomal C complex,,
CACTIN,"cactin, spliceosome C complex subunit",19p13.3,Spliceosomal C complex,,
CCDC12,coiled-coil domain containing 12,3p21.31,Spliceosomal C complex,,
CDC5L,cell division cycle 5 like,6p21.1,Spliceosomal C complex,,
CDC40,cell division cycle 40,6q21,Spliceosomal C complex,,
CDK10,cyclin dependent kinase 10,16q24.3,Spliceosomal C complex,,
CRNKL1,crooked neck pre-mRNA splicing factor 1,20p11.23,Spliceosomal C complex,,
CTNNBL1,catenin beta like 1,20q11.23,Spliceosomal C complex,,
CWC15,CWC15 spliceosome associated protein homolog,11q21,Spliceosomal C complex,,
CWC22,CWC22 spliceosome associated protein homolog,2q31.3,Spliceosomal C complex,,
CWC27,CWC27 spliceosome associated protein homolog,5q12.3,Spliceosomal C complex,,
CXorf56,chromosome X open reading frame 56,Xq24,Spliceosomal C complex,,
DDX41,DEAD-box helicase 41,5q35.3,Spliceosomal C complex,,
DHX8,DEAH-box helicase 8,17q21.31,Spliceosomal C complex,,
DHX16,DEAH-box helicase 16,6p21.33,Spliceosomal C complex,,
DHX35,DEAH-box helicase 35,20q11.23-q12,Spliceosomal C complex,,
EFTUD2,elongation factor Tu GTP binding domain containing 2,17q21.31,Spliceosomal C complex,,
FAM32A,family with sequence similarity 32 member A,19p13.11,Spliceosomal C complex,,
FAM50A,family with sequence similarity 50 member A,Xq28,Spliceosomal C complex,,
FRA10AC1,FRA10A associated CGG repeat 1,10q23.33,Spliceosomal C complex,,
GPATCH1,G-patch domain containing 1,19q13.11,Spliceosomal C complex,,
GPKOW,G-patch domain and KOW motifs,Xp11.23,Spliceosomal C complex,,
HNRNPC,heterogeneous nuclear ribonucleoprotein C (C1/C2),14q11.2,Spliceosomal C complex,,
HSPA8,heat shock protein family A (Hsp70) member 8,11q24.1,Spliceosomal C complex,,
ISY1,ISY1 splicing factor homolog,3q21.3,Spliceosomal C complex,,
LENG1,leukocyte receptor cluster member 1,19q13.42,Spliceosomal C complex,,
NOSIP,nitric oxide synthase interacting protein,19q13.33,Spliceosomal C complex,,
PLRG1,pleiotropic regulator 1,4q31.3,Spliceosomal C complex,,
PPIE,peptidylprolyl isomerase E,1p34.2,Spliceosomal C complex,,
PPIG,peptidylprolyl isomerase G,2q31.1,Spliceosomal C complex,,
PPIL1,peptidylprolyl isomerase like 1,6p21.2,Spliceosomal C complex,,
PPIL3,peptidylprolyl isomerase like 3,2q33.1,Spliceosomal C complex,,
PPWD1,peptidylprolyl isomerase domain and WD repeat containing 1,5q12.3,Spliceosomal C complex,,
PRPF8,pre-mRNA processing factor 8,17p13.3,Spliceosomal C complex,,
PRPF18,pre-mRNA processing factor 18,10p13,Spliceosomal C complex,,
PRPF19,pre-mRNA processing factor 19,11q12.2,Spliceosomal C complex,,
RBM22,RNA binding motif protein 22,5q33.1,Spliceosomal C complex,,
RNF113A,ring finger protein 113A,Xq24,Spliceosomal C complex,,
RNU5A-1,"RNA, U5A small nuclear 1",15q22.31,Spliceosomal C complex,,
RNU6-1,"RNA, U6 small nuclear 1",15q23,Spliceosomal C complex,,
SAP18,Sin3A associated protein 18,13q12.11,Spliceosomal C complex,,
SDE2,SDE2 telomere maintenance homolog,1q42.12,Spliceosomal C complex,,
SLU7,"SLU7 homolog, splicing factor",5q33.3,Spliceosomal C complex,,
SNRNP40,small nuclear ribonucleoprotein U5 subunit 40,1p35.2,Spliceosomal C complex,,
SNRNP200,small nuclear ribonucleoprotein U5 subunit 200,2q11.2,Spliceosomal C complex,,
SNW1,SNW domain containing 1,14q24.3,Spliceosomal C complex,,
SRRM2,serine/arginine repetitive matrix 2,16p13.3,Spliceosomal C complex,,
SYF2,SYF2 pre-mRNA splicing factor,1p36.11,Spliceosomal C complex,,
WDR83,WD repeat domain 83,19p13.13,Spliceosomal C complex,,
XAB2,XPA binding protein 2,19p13.3,Spliceosomal C complex,,
ZNF830,zinc finger protein 830,17q12,Spliceosomal C complex,,
DDX39B,DExD-box helicase 39B,6p21.33,Spliceosomal E complex,,
SF1,splicing factor 1,11q13.1,Spliceosomal E complex,,
U2AF1,U2 small nuclear RNA auxiliary factor 1,21q22.3,Spliceosomal E complex,,
U2AF2,U2 small nuclear RNA auxiliary factor 2,19q13.43,Spliceosomal E complex,,
AQR,aquarius intron-binding spliceosomal factor,15q14,Spliceosomal P complex,,
BUD13,BUD13 homolog,11q23.3,Spliceosomal P complex,,
BUD31,BUD31 homolog,7q22.1,Spliceosomal P complex,,
CACTIN,"cactin, spliceosome C complex subunit",19p13.3,Spliceosomal P complex,,
CCDC12,coiled-coil domain containing 12,3p21.31,Spliceosomal P complex,,
CDC40,cell division cycle 40,6q21,Spliceosomal P complex,,
CDK10,cyclin dependent kinase 10,16q24.3,Spliceosomal P complex,,
CRNKL1,crooked neck pre-mRNA splicing factor 1,20p11.23,Spliceosomal P complex,,
CWC22,CWC22 spliceosome associated protein homolog,2q31.3,Spliceosomal P complex,,
CWC27,CWC27 spliceosome associated protein homolog,5q12.3,Spliceosomal P complex,,
CXorf56,chromosome X open reading frame 56,Xq24,Spliceosomal P complex,,
C9orf78,chromosome 9 open reading frame 78,9q34.11,Spliceosomal P complex,,
DDX41,DEAD-box helicase 41,5q35.3,Spliceosomal P complex,,
DHX8,DEAH-box helicase 8,17q21.31,Spliceosomal P complex,,
DHX16,DEAH-box helicase 16,6p21.33,Spliceosomal P complex,,
EFTUD2,elongation factor Tu GTP binding domain containing 2,17q21.31,Spliceosomal P complex,,
EIF4A3,eukaryotic translation initiation factor 4A3,17q25.3,Spliceosomal P complex,,
ESS2,ess-2 splicing factor homolog,22q11.21,Spliceosomal P complex,,
FAM32A,family with sequence similarity 32 member A,19p13.11,Spliceosomal P complex,,
FAM50A,family with sequence similarity 50 member A,Xq28,Spliceosomal P complex,,
GPKOW,G-patch domain and KOW motifs,Xp11.23,Spliceosomal P complex,,
HNRNPC,heterogeneous nuclear ribonucleoprotein C (C1/C2),14q11.2,Spliceosomal P complex,,
HSPA8,heat shock protein family A (Hsp70) member 8,11q24.1,Spliceosomal P complex,,
ISY1,ISY1 splicing factor homolog,3q21.3,Spliceosomal P complex,,
LENG1,leukocyte receptor cluster member 1,19q13.42,Spliceosomal P complex,,
MAGOH,"mago homolog, exon junction complex subunit",1p32.3,Spliceosomal P complex,,
NOSIP,nitric oxide synthase interacting protein,19q13.33,Spliceosomal P complex,,
PPIE,peptidylprolyl isomerase E,1p34.2,Spliceosomal P complex,,
PPIG,peptidylprolyl isomerase G,2q31.1,Spliceosomal P complex,,
PPIL1,peptidylprolyl isomerase like 1,6p21.2,Spliceosomal P complex,,
PPIL3,peptidylprolyl isomerase like 3,2q33.1,Spliceosomal P complex,,
PPWD1,peptidylprolyl isomerase domain and WD repeat containing 1,5q12.3,Spliceosomal P complex,,
PRPF8,pre-mRNA processing factor 8,17p13.3,Spliceosomal P complex,,
RBM8A,RNA binding motif protein 8A,1q21.1,Spliceosomal P complex,,
RBM22,RNA binding motif protein 22,5q33.1,Spliceosomal P complex,,
RNF113A,ring finger protein 113A,Xq24,Spliceosomal P complex,,
RNU5A-1,"RNA, U5A small nuclear 1",15q22.31,Spliceosomal P complex,,
RNU6-1,"RNA, U6 small nuclear 1",15q23,Spliceosomal P complex,,
SDE2,SDE2 telomere maintenance homolog,1q42.12,Spliceosomal P complex,,
SLU7,"SLU7 homolog, splicing factor",5q33.3,Spliceosomal P complex,,
SNIP1,Smad nuclear interacting protein 1,1p34.3,Spliceosomal P complex,,
SNRNP40,small nuclear ribonucleoprotein U5 subunit 40,1p35.2,Spliceosomal P complex,,
SNRNP200,small nuclear ribonucleoprotein U5 subunit 200,2q11.2,Spliceosomal P complex,,
SNW1,SNW domain containing 1,14q24.3,Spliceosomal P complex,,
SRRM2,serine/arginine repetitive matrix 2,16p13.3,Spliceosomal P complex,,
SYF2,SYF2 pre-mRNA splicing factor,1p36.11,Spliceosomal P complex,,
WDR83,WD repeat domain 83,19p13.13,Spliceosomal P complex,,
XAB2,XPA binding protein 2,19p13.3,Spliceosomal P complex,,
ZNF830,zinc finger protein 830,17q12,Spliceosomal P complex,,
SART1,"SART1, U4/U6.U5 tri-snRNP-associated protein 1",11q13.1,tri-snRP complex,,
USP39,ubiquitin specific peptidase 39,2p11.2,tri-snRP complex,,
RNU1-1,"RNA, U1 small nuclear 1",1p36.13,U1 small nucleolar ribonucleoprotein,,
SNRNP70,small nuclear ribonucleoprotein U1 subunit 70,19q13.33,U1 small nucleolar ribonucleoprotein,,
SNRPA,small nuclear ribonucleoprotein polypeptide A,19q13.1,U1 small nucleolar ribonucleoprotein,,
SNRPC,small nuclear ribonucleoprotein polypeptide C,6p21.31,U1 small nucleolar ribonucleoprotein,,
RNU2-1,"RNA, U2 small nuclear 1",17q12,U2 small nucleolar ribonucleoprotein,,
SF3A1,splicing factor 3a subunit 1,22q12.2,U2 small nucleolar ribonucleoprotein,,
SF3A2,splicing factor 3a subunit 2,19p13.3,U2 small nucleolar ribonucleoprotein,,
SF3A3,splicing factor 3a subunit 3,1p34.3,U2 small nucleolar ribonucleoprotein,,
SNRPA1,small nuclear ribonucleoprotein polypeptide A',15q26.3,U2 small nucleolar ribonucleoprotein,,
SNRPB2,small nuclear ribonucleoprotein polypeptide B2,20p12.1,U2 small nucleolar ribonucleoprotein,,
PPIH,peptidylprolyl isomerase H,1p34.2,U4/U6 small nucleolar ribonucleoprotein,,
PRPF3,pre-mRNA processing factor 3,1q21.2,U4/U6 small nucleolar ribonucleoprotein,,
PRPF4,pre-mRNA processing factor 4,9q32,U4/U6 small nucleolar ribonucleoprotein,,
PRPF31,pre-mRNA processing factor 31,19q13.42,U4/U6 small nucleolar ribonucleoprotein,,
RNU4-1,"RNA, U4 small nuclear 1",12q24.31,U4/U6 small nucleolar ribonucleoprotein,,
RNU6-1,"RNA, U6 small nuclear 1",15q23,U4/U6 small nucleolar ribonucleoprotein,,
SNU13,small nuclear ribonucleoprotein 13,22q13.2,U4/U6 small nucleolar ribonucleoprotein,,
CD2BP2,CD2 cytoplasmic tail binding protein 2,16p11.2,U5 small nucleolar ribonucleoprotein,,
DDX23,DEAD-box helicase 23,12q13.12,U5 small nucleolar ribonucleoprotein,,
EFTUD2,elongation factor Tu GTP binding domain containing 2,17q21.31,U5 small nucleolar ribonucleoprotein,,
PRPF6,pre-mRNA processing factor 6,20q13.33,U5 small nucleolar ribonucleoprotein,,
PRPF8,pre-mRNA processing factor 8,17p13.3,U5 small nucleolar ribonucleoprotein,,
RNU5A-1,"RNA, U5A small nuclear 1",15q22.31,U5 small nucleolar ribonucleoprotein,,
SNRNP40,small nuclear ribonucleoprotein U5 subunit 40,1p35.2,U5 small nucleolar ribonucleoprotein,,
SNRNP200,small nuclear ribonucleoprotein U5 subunit 200,2q11.2,U5 small nucleolar ribonucleoprotein,,
TXNL4A,thioredoxin like 4A,18q23,U5 small nucleolar ribonucleoprotein,,